id,name,attire,scar
1,Michael Johnson,none,none
2,Tony DeMarco,suit,none
3,Frankie Lombardi,trench coat,left cheek
4,Carlos Garcia,jacket,right arm
5,Marko Shvets,t-shirt,none
6,Amanda Taylor,blouse,right leg
7,Richard Brown,tuxedo,none
8,Heather Williams,dress,left hand
9,Joshua Smith,suit,none
10,Claire Green,cardigan,none
11,Evan Davis,sweater,right shoulder
12,Nina Patel,skirt,left arm
13,Sam Johnson,jacket,none
14,Maya Nguyen,t-shirt,none
15,Daniel King,blazer,left thigh
16,Laura Wright,suit,none
17,Chris Scott,hoodie,right wrist
18,Sophie Harris,sweater,left foot
19,Tommy Walker,tuxedo,none
20,Ava Lewis,dress,left knee
21,Victor Carter,suit,none
22,Mason Clark,jacket,left ear
23,Zoe Mitchell,cardigan,none
24,Oliver Hall,sweater,none
25,Ellie Anderson,t-shirt,right foot
26,Andrew Moore,blazer,right cheek
27,Penny Turner,suit,none
28,Benjamin Lopez,jacket,none
29,Sophia Martin,dress,left shoulder
30,Matthew Collins,tuxedo,none
31,Emily Adams,hoodie,none
32,Lucas Stewart,blouse,none
33,Chloe Baker,skirt,none
34,Liam Mitchell,t-shirt,left wrist
35,Charlotte White,blazer,none
36,James Young,cardigan,right leg
37,Ella King,suit,none
38,Lucas Scott,jacket,left cheek
39,Aiden Gonzalez,hoodie,none
40,Amelia Green,dress,left wrist
41,William Johnson,tuxedo,none
42,Mila Roberts,sweater,right hand
43,Jackson Mitchell,blazer,none
44,Grace Moore,t-shirt,right knee
45,John Lee,cardigan,none
46,Lily Jackson,jacket,none
47,Daniel Taylor,hoodie,none
48,Sophie Harris,blazer,none
49,Benjamin White,suit,none
50,Dylan Walker,tuxedo,none
51,Gabriella Cooper,sweater,none
52,Sebastian Smith,jacket,left hand
53,Sophie Jones,cardigan,none
54,Ethan Brown,t-shirt,right shoulder
55,Elijah Johnson,hoodie,none
56,Charlotte Robinson,blazer,none
57,Maddison Lewis,suit,none
58,Alexander Campbell,dress,left knee
59,Mia Cooper,skirt,right arm
60,Ethan Carter,blouse,none
61,Sophia Harris,jacket,left thigh
62,Grace Scott,blazer,none
63,Benjamin Miller,suit,right cheek
64,Madeline Taylor,sweater,none
65,Olivia Young,t-shirt,none
66,Jack Mitchell,jacket,right wrist
67,Isabella Wilson,dress,left arm
68,Aiden Turner,blouse,right leg
69,Aria Morgan,sweater,none
70,Ryan Nelson,hoodie,left knee
71,Lily White,suit,none
72,James Carter,cardigan,none
73,Chloe Anderson,tuxedo,none
74,Ava Moore,blazer,none
75,Michael Scott,dress,left cheek
76,Emma Hall,jacket,none
77,David Davis,sweater,right hand
78,Lucas White,t-shirt,left wrist
79,Lily Smith,hoodie,none
80,Mason Turner,blazer,right knee
81,Matthew Jackson,suit,none
82,Sophie Robinson,cardigan,none
83,Isaac Martin,jacket,none
84,Maya Green,sweater,left hand
85,James Lee,t-shirt,right cheek
86,Jack Robinson,blazer,none
87,Olivia Walker,dress,none
88,Ella Cooper,sweater,right wrist
89,Liam Davis,blouse,none
90,Oliver Harris,cardigan,none
91,Charlotte King,jacket,none
92,David Young,suit,none
93,Sebastian Lewis,tuxedo,none
94,Emma Carter,dress,none
95,Maxwell Taylor,jacket,left ear
96,Benjamin White,hoodie,none
97,Chloe Lee,blazer,none
98,Amelia Walker,t-shirt,none
99,Dylan Lewis,blouse,right leg
100,Ryan Green,cardigan,none
101,Sophie Turner,suit,none
102,Lucas Scott,sweater,left wrist
103,Maddison Carter,jacket,right shoulder
104,Jackson Brown,blazer,none
105,Victoria Cooper,dress,none
106,Evan Lewis,t-shirt,none
107,David Wilson,blouse,left cheek
108,Sophia Green,cardigan,none
109,Charlotte Harris,jacket,none
110,Oliver Carter,sweater,right hand
111,Emily Taylor,tuxedo,none
112,John White,blazer,none
113,Amelia Brown,hoodie,none
114,Lucas Moore,dress,left knee
115,David Cooper,suit,none
116,Oliver Harris,t-shirt,none
117,Maya Walker,cardigan,right foot
118,Sophia Green,blouse,none
119,James Taylor,sweater,none
120,Mason Brown,jacket,none
121,Olivia King,t-shirt,left thigh
122,Charlotte White,hoodie,none
123,Mia Davis,dress,none
124,Maddison Turner,jacket,right wrist
125,Isabella Martin,suit,none
126,Benjamin White,blazer,none
127,David Lewis,sweater,none
128,Sophie Green,cardigan,left cheek
129,Liam Martin,tuxedo,none
130,Ella Turner,jacket,none
131,Chloe King,t-shirt,right foot
132,Sebastian Walker,blouse,none
133,Olivia White,suit,none
134,Mason Turner,dress,none
135,Victor Brown,sweater,none
136,Benjamin Harris,blazer,none
137,Isabella Davis,t-shirt,none
138,Mia Green,cardigan,right arm
139,Liam Brown,jacket,none
140,Emily White,sweater,none
141,Olivia Turner,tuxedo,none
142,David King,blazer,none
143,Matthew Scott,sweater,right shoulder
144,Isabella White,dress,none
145,Aiden Harris,cardigan,none
146,Benjamin Green,jacket,none
147,Sophia Turner,hoodie,none
148,Oliver Harris,t-shirt,none
149,Ethan King,blazer,none
150,Chloe Brown,cardigan,none
151,Zoe Taylor,jacket,none
152,Lucas Carter,blouse,none
153,Sophia Martin,suit,none
154,Mason Lee,t-shirt,none
155,Olivia White,cardigan,none
156,Benjamin Scott,hoodie,none
157,Chloe Davis,dress,none
158,Liam Young,sweater,none
159,David Green,blazer,none
160,Ethan Taylor,jacket,none
161,Olivia King,tuxedo,none
162,Sophie Harris,sweater,none
163,Lily Brown,cardigan,none
164,Benjamin Walker,suit,none
165,Matthew Davis,t-shirt,none
166,Victor Young,jacket,none
167,Isabella White,blouse,none
168,David Brown,sweater,none
169,Chloe Walker,cardigan,none
170,Olivia Green,tuxedo,none
171,Zoe Harris,dress,none
172,Liam White,suit,none
173,Benjamin Carter,sweater,none
174,Sophie Turner,jacket,none
175,Lucas Brown,blouse,none
176,Mason White,t-shirt,none
177,David Harris,cardigan,none
178,Olivia King,dress,none
179,Liam Turner,blazer,none
180,Sophie Davis,hoodie,none
181,Victor Green,tuxedo,none
182,Sophia Taylor,sweater,none
183,Vincent Malone,trench coat,left cheek
184,Benjamin Young,blouse,none
185,Olivia White,cardigan,none
186,Mason Davis,suit,none
187,David King,t-shirt,none
188,Chloe Brown,jacket,none
189,Victor Harris,hoodie,none
190,Sophie King,blouse,none
191,Olivia Green,tuxedo,none
192,Isabella Walker,dress,none
193,Benjamin White,cardigan,none
194,Ethan Turner,sweater,none
195,David Brown,jacket,none
196,Chloe Walker,blouse,none
197,Liam Davis,t-shirt,none
198,Olivia White,suit,none
199,Victor Green,cardigan,none
200,Sophie Taylor,blazer,none
201,Mason Walker,tuxedo,none
202,David White,sweater,none
203,Olivia Brown,jacket,none
204,Zoe King,blouse,none
205,Liam Young,cardigan,none
206,Sophie Green,suit,none
207,Victor White,t-shirt,none
208,Olivia Davis,blazer,none
209,Lucas Brown,hoodie,none
210,David Harris,jacket,none
211,Sophie Turner,sweater,none
212,Isabella King,blouse,none
213,Benjamin Green,cardigan,none
214,Ethan Davis,tuxedo,none
215,Victor Brown,suit,none
216,Lily White,jacket,none
217,Mason King,t-shirt,none
218,David Taylor,blazer,none
219,Olivia Walker,hoodie,none
220,Lucas Davis,sweater,none
221,Zoe Brown,cardigan,none
222,Sophia Taylor,blouse,none
223,Victor Walker,jacket,none
224,Mason Green,t-shirt,none
225,Ethan Brown,blazer,none
226,David Harris,dress,none
227,Olivia Walker,suit,none
228,Zoe Taylor,hoodie,none
229,Lucas Green,cardigan,none
230,Victor King,blouse,none
231,Isabella Harris,suit,none
232,Benjamin Green,jacket,none
233,Olivia Brown,t-shirt,none
234,David Walker,hoodie,none
235,Victor Davis,blazer,none
236,Sophie King,dress,none
237,Christopher Black,trench coat,right cheek
238,Mason Taylor,sweater,none
239,Olivia Green,cardigan,none
240,Victor Brown,blouse,none
241,Liam White,t-shirt,none
242,Ethan King,suit,none
243,Sophia Brown,hoodie,none
244,Olivia Taylor,blazer,none
245,David Walker,jacket,none
246,Benjamin Green,cardigan,none
247,Victor White,t-shirt,none
248,Zoe Brown,blouse,none
249,Lucas Green,suit,none
250,Mason King,hoodie,none
251,David Brown,suit,none
252,Olivia Green,blazer,left leg
253,Victor Taylor,jacket,none
254,Mason Walker,blouse,none
255,Zoe Harris,sweater,none
256,Isabella Brown,cardigan,none
257,Ethan Green,t-shirt,left cheek
258,Sophie White,hoodie,none
259,Olivia Brown,dress,none
260,David King,blazer,none
261,Zoe Green,suit,none
262,Mason White,t-shirt,none
263,Benjamin Walker,jacket,right hand
264,Olivia Brown,hoodie,none
265,Victor Green,sweater,left knee
266,Sophie Harris,tuxedo,none
267,Isabella Brown,dress,none
268,Mason King,blouse,right foot
269,Zoe White,cardigan,none
270,David Taylor,jacket,none
271,Lucas Green,t-shirt,left wrist
272,Victor Brown,suit,none
273,Benjamin White,blazer,none
274,Isabella Harris,sweater,none
275,Sophie Brown,jacket,none
276,Olivia Green,t-shirt,none
277,David White,blouse,none
278,Victor Taylor,suit,none
279,Liam Green,cardigan,none
280,Mason Brown,hoodie,none
281,Sophia White,dress,none
282,Zoe King,blazer,none
283,David Harris,jacket,left shoulder
284,Victor White,tuxedo,none
285,Olivia Brown,sweater,none
286,Lucas King,blouse,none
287,Mason White,cardigan,none
288,Sophia Taylor,t-shirt,none
289,Isabella Harris,jacket,none
290,Ethan Green,blazer,none
291,David Brown,suit,none
292,Olivia King,hoodie,none
293,Mason Green,dress,none
294,Victor Brown,blouse,none
295,Sophia White,blazer,none
296,Isabella King,jacket,left hand
297,Zoe Brown,cardigan,none
298,Mason Taylor,sweater,none
299,David Harris,blouse,none
300,Olivia Green,suit,none
301,Zoe White,jacket,none
302,Victor Brown,sweater,none
303,Mason Harris,hoodie,none
304,Lucas White,blazer,none
305,Benjamin King,t-shirt,none
306,Isabella Green,suit,none
307,David Brown,blouse,none
308,Olivia Walker,hoodie,none
309,Sophia White,blazer,none
310,Zoe Taylor,dress,none
311,Mason Brown,sweater,none
312,Victor Harris,jacket,none
313,Sophia Green,t-shirt,none
314,Benjamin Taylor,blazer,none
315,Zoe Walker,hoodie,none
316,David King,suit,none
317,Isabella White,blouse,none
318,Mason Taylor,jacket,none
319,Victor Green,blazer,none
320,Sophia King,cardigan,none
321,Lucas White,sweater,none
322,Benjamin Green,blouse,none
323,Olivia Brown,jacket,none
324,Victor King,hoodie,none
325,Zoe Brown,suit,none
326,Mason Harris,blazer,none
327,David White,cardigan,none
328,Olivia King,sweater,none
329,Sophie Taylor,jacket,none
330,Isabella Brown,blouse,none
331,Mason Green,t-shirt,none
332,Lucas White,dress,none
333,David Harris,cardigan,none
334,Victor Green,jacket,none
335,Sophie White,blazer,none
336,Benjamin Brown,suit,none
337,Olivia Taylor,jacket,none
338,Mason Walker,blouse,none
339,Victor Harris,sweater,none
340,Zoe Green,t-shirt,none
341,Sophie Taylor,hoodie,none
342,David White,blazer,none
343,Lucas Harris,suit,none
344,Olivia Brown,jacket,none
345,Victor Green,t-shirt,none
346,Isabella Walker,blouse,none
347,Benjamin White,suit,none
348,Mason King,cardigan,none
349,Sophie Brown,dress,none
350,David King,t-shirt,none
351,Lucas White,blazer,none
352,Isabella Green,suit,none
353,Zoe Brown,jacket,none
354,Sophie White,sweater,none
355,Victor Taylor,cardigan,none
356,Benjamin Walker,blouse,none
357,Olivia Green,suit,none
358,Mason White,hoodie,none
359,David Harris,jacket,none
360,Victor Brown,sweater,none
361,Zoe King,t-shirt,none
362,Sophia White,blouse,none
363,Olivia Brown,cardigan,none
364,Isabella Green,jacket,none
365,David Brown,blazer,none
366,Mason White,suit,none
367,Victor Green,cardigan,none
368,Sophie Harris,blouse,none
369,Benjamin Walker,dress,none
370,Olivia Brown,sweater,none
371,Victor Green,t-shirt,none
372,Sophia White,blouse,none
373,Isabella Taylor,cardigan,none
374,Mason White,dress,none
375,David Brown,suit,none
376,Sophie Green,blazer,none
377,Lucas White,t-shirt,none
378,Olivia Harris,hoodie,none
379,Victor White,sweater,none
380,Sophie Walker,jacket,none
381,Benjamin Brown,blouse,none
382,David White,cardigan,none
383,Lucas Green,tuxedo,none
384,Sophie Brown,dress,none
385,Olivia King,blazer,none
386,Victor Green,jacket,none
387,Zoe Taylor,hoodie,none
388,Isabella Walker,t-shirt,none
389,Benjamin Brown,blazer,none
390,Mason Green,suit,none
391,David Walker,cardigan,none
392,Olivia Brown,jacket,none
393,Victor White,tuxedo,none
394,Sophia Green,dress,none
395,Isabella Brown,suit,none
396,David King,blazer,none
397,Mason White,hoodie,none
398,Victor Taylor,cardigan,none
399,Olivia Harris,sweater,none
400,Benjamin Walker,jacket,none
