id,sender_employee_id,recipient_employee_id,email_date,email_subject,email_content
1,145,234,19890421,Q4 Project Timeline,Please review the updated timeline for the security system upgrade. We need to ensure all milestones are properly aligned with the client requirements.
2,234,145,19890421,Re: Q4 Project Timeline,"Timeline looks good, but we should allocate more time for testing phase. The complexity of integration requires additional validation steps."
3,67,89,19890421,Department Budget Review,Attached is the preliminary budget breakdown for next quarter. Please note the increased allocation for R&D initiatives.
4,,67,19890421,Re: Department Budget Review,The R&D allocation seems appropriate given our current development roadmap. Lets discuss the details in tomorrows meeting.
5,,34,19890421,New Client Onboarding,We need to schedule the initial consultation for the West Coast expansion project. The client is eager to begin implementation.
6,,145,19890421,Staff Training Schedule,Heres the proposed schedule for the advanced security protocols training. Well need all team leads to attend the first session.
7,,67,19890421,System Maintenance Notice,The quarterly system maintenance is scheduled for next week. Please ensure all critical operations are properly backed up.
8,290,234,19890421,Project Status Update,The implementation phase is proceeding according to schedule. All key deliverables are currently meeting quality benchmarks.
9,123,178,19890421,Re: Staff Training Schedule,The proposed schedule works well. Could we include a session on the new encryption protocols well be implementing?
10,56,89,19890421,Client Feedback Summary,Compiled feedback from recent client satisfaction surveys shows positive response to our new security features.
11,,145,19890421,Team Meeting Agenda,Heres the proposed agenda for next weeks strategic planning meeting. Please review and suggest any additional topics.
12,78,234,19890421,Equipment Requisition,Requesting approval for additional testing equipment for the development team. Detailed specifications are attached.
13,245,67,19890421,Re: Department Budget Review,The proposed budget aligns well with our expansion plans. We should discuss the international office requirements.
14,34,89,19890421,Security Protocol Update,New security protocols have been implemented in the test environment. Initial results show significant improvements.
15,167,145,19890421,QuantumTech Newsletter Draft,Please review the draft for this months internal newsletter. Weve highlighted the recent project successes.
16,90,178,19890421,Training Materials Review,The updated training materials are ready for review. Weve incorporated feedback from the last session.
17,278,234,19890421,Client Meeting Summary,Summary of todays client meeting attached. They were particularly impressed with our new security features.
18,156,67,19890421,Re: Equipment Requisition,Equipment request approved. Please coordinate with procurement to ensure timely delivery and installation.
19,23,89,19890421,Development Timeline,Heres the revised development timeline incorporating the new security features requested by the client.
20,145,178,19890421,Team Performance Reviews,Schedule for upcoming performance reviews is attached. Please ensure all team members are properly notified.
21,89,234,19890421,Project Risk Assessment,Updated risk assessment for the current project phase. Several potential issues have been identified and addressed.
22,,145,19890421,Re: Team Meeting Agenda,Could we add a discussion point about the new encryption standards? Its crucial for our upcoming deployments.
23,134,67,19890421,Resource Allocation,Current resource allocation may need adjustment to accommodate the new project requirements. Details attached.
24,78,89,19890421,Client Presentation Draft,Please review the attached presentation for next weeks client meeting. Focus is on our enhanced security features.
25,190,178,19890421,Re: Security Protocol Update,The new protocols look promising. We should schedule a team briefing to discuss implementation details.
26,45,,19890421,Quality Assurance Report,Latest QA report shows all systems performing within expected parameters. Detailed metrics are attached.
27,234,67,19890421,Budget Forecast,Q4 budget forecast needs revision based on new project requirements. Please review the attached projections.
28,,145,19890421,Team Expansion Plans,Proposal for team expansion to handle increased project load. Includes detailed staffing requirements.
29,,89,19890421,Re: Client Feedback Summary,Excellent feedback results. Lets incorporate these positive points into our next marketing campaign.
30,,178,19890421,Implementation Schedule,Revised implementation schedule for the East Coast rollout. Timeline has been adjusted for additional testing.
31,145,67,19890421,Strategic Planning Meeting,Reminder about tomorrows strategic planning session. Please bring your departments quarterly reports.
32,290,234,19890421,System Integration Update,Progress report on the system integration project. All key milestones are currently on track.
33,78,89,19890421,Re: Project Risk Assessment,Good analysis of potential risks. We should schedule a meeting to discuss mitigation strategies.
34,,145,19890421,Client Contract Review,Please review the updated terms for the West Coast contract. Legal has added some security-related clauses.
35,34,178,19890421,Training Program Feedback,Collected feedback from last weeks training sessions. Overall response was very positive.
36,245,67,19890421,Development Resources,Request for additional development resources to support the accelerated project timeline.
37,90,234,19890421,Re: Quality Assurance Report,The metrics look good. Lets schedule a review of the automated testing procedures.
38,156,89,19890421,Security Audit Preparation,Initial preparations for next months security audit. Please review the checklist and provide feedback.
39,278,145,19890421,Team Building Event,Proposal for next months team building event. Please review the suggested activities and venue.
40,23,178,19890421,Project Documentation,Updated project documentation is ready for review. Includes recent changes to security protocols.
41,189,67,19890421,Re: Strategic Planning Meeting,Will bring the updated market analysis report to tomorrows meeting. Some interesting trends to discuss.
42,67,234,19890421,Vendor Evaluation,Results of the vendor evaluation process. Recommendations for new security hardware suppliers included.
43,,89,19890421,Infrastructure Update,Status report on the infrastructure upgrade project. All critical systems have been successfully migrated.
44,,145,19890421,Re: Team Expansion Plans,The expansion proposal looks solid. Lets discuss the training requirements for new team members.
45,78,178,19890421,Client Support Update,Monthly client support statistics show improved response times. Detailed breakdown attached.
46,190,67,19890421,Research Findings,Initial findings from the security protocol research project. Several promising innovations identified.
47,45,234,19890421,Re: System Integration Update,Integration progress looks good. We should schedule a demo for the management team.
48,267,89,19890421,Marketing Materials,Draft of new marketing materials highlighting our enhanced security features. Please review.
49,89,145,19890421,Performance Metrics,Latest performance metrics for the security systems. All indicators show positive trends.
50,12,178,19890421,Re: Training Program Feedback,Glad to hear the positive response. Lets incorporate the suggestions into the next session.
51,145,67,19890421,QuantumTech Innovation Report,Quarterly innovation report ready for review. Significant progress in several key areas.
52,290,234,19890421,Compliance Update,Status of our compliance with new industry regulations. All systems meet or exceed requirements.
53,78,89,19890421,Re: Security Audit Preparation,The audit checklist looks comprehensive. Ive added some notes about recent system updates.
54,167,145,19890421,Project Milestone Review,Review of Q3 project milestones. Most objectives achieved ahead of schedule.
55,34,178,19890421,Employee Training Schedule,Next months training schedule includes advanced modules on new security protocols.
56,245,67,19890421,Re: Research Findings,Interesting innovations identified. Lets schedule a deep dive into the most promising ones.
57,90,234,19890421,Client Feedback Report,Monthly client feedback report shows high satisfaction with our security solutions.
58,,89,19890421,System Performance Review,Quarterly system performance review complete. All metrics exceed target levels.
59,278,145,19890421,Re: Marketing Materials,The new materials look great. Could we add more emphasis on our advanced encryption features?
60,23,178,19890421,Development Update,Status update on current development projects. All teams reporting good progress.
61,189,67,19890421,Team Resource Planning,Updated resource allocation plan for Q4. Please review and provide feedback.
62,67,234,19890421,Re: Compliance Update,Excellent work on compliance. Lets prepare a presentation for the board meeting.
63,234,89,19890421,Security Protocol Review,Annual review of security protocols scheduled for next week. Please prepare your reports.
64,134,145,19890421,Client Implementation Status,Status report on current client implementations. All projects proceeding as planned.
65,78,178,19890421,Re: Project Milestone Review,Great progress on the milestones. The client will be pleased with the early deliveries.
66,190,67,19890421,Equipment Maintenance Schedule,Updated maintenance schedule for security equipment. Please review and approve.
67,45,234,19890421,Team Performance Update,Quarterly team performance metrics show strong improvements across all departments.
68,267,89,19890421,Re: System Performance Review,The performance metrics are impressive. Lets highlight these in the client newsletter.
69,89,145,19890421,Project Budget Review,Mid-year budget review shows were tracking well against projections.
70,12,178,19890421,Security Incident Report,Monthly security incident report shows continued low incident rates.
71,145,67,19890421,Re: Team Resource Planning,Resource plan looks good. We should discuss the holiday coverage schedule.
72,290,234,19890421,Client Meeting Schedule,Next weeks client meeting schedule. Several important presentations planned.
73,78,89,19890421,Development Resources,Request for additional development resources for the new security features.
74,,145,19890421,Re: Security Protocol Review,Will have all reports ready for next weeks review session.
75,,178,19890421,Training Materials Update,Updated training materials incorporating feedback from recent sessions.
76,,67,19890421,Project Timeline Review,Quarterly project timeline review shows all projects on or ahead of schedule.
77,90,234,19890421,Re: Client Implementation Status,Good progress on implementations. Lets schedule client feedback sessions.
78,156,89,19890421,Security Update Rollout,Schedule for rolling out the latest security updates across all systems.
79,278,145,19890421,Team Meeting Minutes,Minutes from todays team meeting. Action items have been assigned.
80,23,178,19890421,Re: Equipment Maintenance Schedule,Maintenance schedule approved. Please proceed with the planned updates.
81,189,67,19890421,Client Support Report,Monthly client support report shows continued high satisfaction levels.
82,67,234,19890421,Development Strategy,Proposed strategy for next phase of security feature development.
83,234,89,19890421,Re: Project Budget Review,Budget looking good. Lets discuss the allocation for new security tools.
84,134,145,19890421,Quality Control Results,Latest quality control results show all systems meeting specifications.
85,78,178,19890421,Team Training Progress,Update on team training progress. All certifications are up to date.
86,190,67,19890421,Re: Development Strategy,Strategy looks solid. We should include the new encryption standards.
87,45,234,19890421,Client Feedback Session,Summary of yesterdays client feedback session. Very positive responses.
88,267,89,19890421,System Upgrade Schedule,Proposed schedule for next months system upgrade implementation.
89,89,145,19890421,Re: Quality Control Results,Excellent quality metrics. Lets share these with the client team.
90,12,178,19890421,Project Resource Allocation,Updated resource allocation for current projects. Please review.
91,145,67,19890421,Security Protocol Implementation,Status update on new security protocol implementation across systems.
92,290,234,19890421,Re: System Upgrade Schedule,Schedule looks good. We should add some buffer time for testing.
93,78,89,19890421,Team Performance Review,Scheduled dates for upcoming team performance reviews.
94,167,145,19890421,Client Contract Update,Updates to client contract templates with new security provisions.
95,34,178,19890421,Re: Project Resource Allocation,Resource allocation approved. Please proceed with assignments.
96,245,67,19890421,Development Progress Report,Weekly progress report on security feature development.
97,90,234,19890421,Training Session Feedback,Feedback from yesterdays security protocol training session.
98,156,89,19890421,Re: Team Performance Review,Review schedule works well. Will prepare the necessary documentation.
99,278,145,19890421,System Maintenance Report,Monthly system maintenance report shows all systems operating optimally.
100,23,178,19890421,Project Status Update,Weekly status update on all active development projects. Development team has completed integration testing of new security modules.
101,156,234,19890421,Re: Infrastructure Planning,Your proposed infrastructure changes look promising for our scaling needs. The cost analysis shows significant long-term savings with this approach.
102,89,145,19890421,Q2 Strategic Initiatives,Attached is the comprehensive overview of our Q2 strategic initiatives and timelines. The executive team has already approved the resource allocations for each project phase.
103,234,67,19890421,Re: Client Security Assessment,The security assessment for the Johnson account revealed several areas for enhancement. Our team has prepared detailed recommendations with implementation timelines.
104,78,190,19890421,Data Center Optimization,Initial results from our data center optimization efforts show 15% improvement in performance metrics. We should schedule a review to discuss expanding these optimizations to other facilities.
105,145,23,19890421,Re: Team Expansion Plans,Your recommendations for the team structure realignment make perfect sense for our growth trajectory. Ive added some thoughts about potential training programs for the new roles.
106,67,156,19890421,Vendor Evaluation Results,Completed the evaluation of potential vendors for the new security hardware implementation. The detailed comparison matrix shows TechShield leading in both performance and cost-effectiveness.
107,190,89,19890421,Re: Development Roadmap,The proposed development roadmap aligns perfectly with our Q3 objectives. Ive included additional milestones for the integration of the new encryption protocols.
108,234,78,19890421,Employee Engagement Survey,The results from our recent employee engagement survey show strong positive trends in team satisfaction. The detailed analysis highlights our successful implementation of flexible working arrangements.
109,145,234,19890421,Re: Budget Allocation,Your proposed budget allocation for the cybersecurity initiative seems well-structured. Ive added some considerations for potential hardware upgrades we might need in Q4.
110,23,67,19890421,Client Feedback Analysis,The quarterly client feedback analysis shows consistently high satisfaction with our security solutions. Several clients specifically praised our rapid response teams effectiveness.
111,156,190,19890421,Re: Protocol Documentation,The updated protocol documentation looks comprehensive and well-organized. Ive suggested some additional sections to cover the new emergency response procedures.
112,89,78,19890421,Innovation Workshop Results,Summarized the key outcomes from yesterdays innovation workshop at QuantumTech. The team generated several promising ideas for enhancing our security monitoring systems.
113,234,145,19890421,Re: Performance Metrics,Your analysis of the performance metrics provides valuable insights for our optimization efforts. The patterns youve identified in system usage will help guide our scaling decisions.
114,78,23,19890421,Training Program Update,The new employee training program has received exceptional feedback from the first group of participants. Weve incorporated their suggestions to further enhance the technical modules.
115,145,156,19890421,Re: Research Findings,Your research findings on emerging security threats are both thorough and actionable. The proposed countermeasures align well with our current security infrastructure.
116,67,89,19890421,Project Timeline Review,"Completed the comprehensive review of all active project timelines and dependencies. Most projects are tracking well, with the encryption upgrade slightly ahead of schedule."
117,190,234,19890421,Re: Client Implementation,The proposed implementation strategy for the Anderson account looks solid and well-planned. Ive added some insights from our previous similar deployments that might be helpful.
118,234,78,19890421,Security Audit Preparation,Attached is the detailed checklist for our upcoming security audit preparation. The team has already started gathering the required documentation and test results.
119,145,23,19890421,Re: Resource Allocation,Your resource allocation proposal for the new development phase makes strategic sense. Ive included some suggestions for optimizing the distribution of senior developers across teams.
120,,156,19890421,Compliance Update Report,Monthly compliance report shows all systems and procedures meeting or exceeding industry standards. Recent updates to our security protocols have significantly strengthened our compliance position.
121,,89,19890421,Re: System Architecture,"The proposed changes to our system architecture would significantly improve our scalability. The performance projections look promising, especially for high-load scenarios."
122,89,234,19890421,Team Collaboration Tools,Evaluation of new team collaboration tools has identified two promising options for our needs. Both solutions offer enhanced security features that align well with our requirements.
123,,78,19890421,Re: Quality Assurance,The new quality assurance procedures have already shown positive results in early testing. The automated testing suite has reduced our validation time by 40%.
124,78,145,19890421,Infrastructure Security,Completed the quarterly review of our infrastructure security measures and identified potential enhancements. The team has developed a prioritized list of recommended updates with implementation timelines.
125,,23,19890421,Re: Client Presentation,The draft presentation for next weeks client meeting effectively highlights our security innovations. Ive suggested some additional slides to showcase our recent successful implementations.
126,263,99,19890421,Alarm System Concern,I noticed something strange with the alarm system. There might be a potential malfunction near the chip. Thought you should check it out to be safe.
127,190,89,19890421,Re: Team Performance,Your analysis of team performance metrics shows impressive improvements across all departments. The new collaborative approach has clearly enhanced our overall efficiency.
128,234,234,19890421,Project Risk Assessment,Completed the risk assessment for all current projects and identified mitigation strategies. The team has already begun implementing additional safeguards for high-priority items.
129,145,78,19890421,Re: Innovation Pipeline,The current innovation pipeline shows several promising initiatives for enhancing our security offerings. The prototype results from the quantum encryption project are particularly encouraging.
130,23,145,19890421,Operational Efficiency,Recent operational efficiency improvements have resulted in a 20% reduction in response time. The automated alert system has significantly enhanced our incident management capabilities.
131,156,23,19890421,Re: Security Protocols,The updated security protocols provide comprehensive coverage for our expanded operations. The integration with existing systems has been seamless and effective.
132,89,156,19890421,Client Success Stories,Compiled a collection of recent client success stories highlighting our security solutions. These case studies demonstrate the effectiveness of our integrated approach to security management.
133,234,89,19890421,Re: Technology Roadmap,Your proposed technology roadmap aligns perfectly with our long-term strategic goals. The phased approach to implementation will help manage resources effectively.
134,,234,19890421,Team Training Initiative,Launched new advanced training initiative focusing on emerging security technologies. The program includes hands-on workshops and certification opportunities for all team members.
135,145,78,19890421,Re: System Integration,The system integration plan for the new security modules looks comprehensive and well-thought-out. The testing schedule allows adequate time for thorough validation of all components.
136,67,145,19890421,Market Analysis Report,Completed analysis of current market trends in security technology and their implications for our strategy. Several opportunities for product differentiation have been identified.
137,190,67,19890421,Re: Project Milestones,Your revised project milestones provide a realistic timeline for the security platform upgrade. The additional testing phase will ensure robust performance under all conditions.
138,,263,19890421,Realign Asset Trajectory,"L’s schedule puts her close enough, but we need her inside F18 before 9. Trigger a minor alert or routine checkup to send her in by 8:30. Make sure she logs the visit. That part matters."
139,145,234,19890421,Re: Development Updates,The development updates for the core security modules show excellent progress. The new features are performing well in preliminary testing.
140,,263,19890421,Execute Phase Window,Unlock 18 quietly by 9. He’ll use his own credentials to access it shortly after L leaves. No questions. Just ensure the timing lines up. The trail will lead exactly where it needs to.
141,156,23,19890421,Re: Performance Review,The performance review of our security systems shows consistent improvement in all key metrics. The recent optimizations have significantly enhanced system reliability.
142,89,156,19890421,Implementation Guide,Created comprehensive implementation guide for our new security features and protocols. The document includes detailed troubleshooting procedures and best practices.
143,234,89,19890421,Re: Quality Metrics,Your analysis of quality metrics provides valuable insights for ongoing improvement efforts. The team has already begun implementing several of your recommended enhancements.
144,,234,19890421,Security Assessment,Completed quarterly security assessment of all systems and identified areas for enhancement. The report includes prioritized recommendations with estimated implementation timelines.
145,145,78,19890421,Re: Client Requirements,The updated client requirements document thoroughly captures all security specifications. The implementation plan accounts for all custom integration needs.
146,67,145,19890421,Team Collaboration,New team collaboration initiatives have significantly improved project coordination and efficiency. The integrated communication platform has enhanced real-time problem-solving capabilities.
147,190,67,19890421,Re: System Architecture,Your proposed system architecture changes would greatly enhance our security capabilities. The modular design will facilitate future updates and customizations.
148,,190,19890421,Product Development,Latest product development cycle has yielded several innovative security features. Initial client feedback on the beta version has been overwhelmingly positive.
149,145,234,19890421,Re: Strategic Planning,The strategic planning session produced valuable insights for our security product roadmap. The focus on emerging technologies positions us well for future market demands.
150,23,145,19890421,Operational Updates,Recent operational updates have streamlined our security monitoring processes significantly. The automated reporting system has reduced manual workload by 30%.
151,156,234,19890421,Network Infrastructure Review,The quarterly network infrastructure review indicates our systems are operating at optimal capacity. The recent upgrades have provided significant performance improvements across all nodes.
152,89,156,19890421,Re: Network Infrastructure Review,"Your assessment aligns with our monitoring data, and I suggest we proceed with the proposed optimization plan for Q3. The performance metrics are particularly encouraging for our high-traffic segments."
153,234,145,19890421,Employee Wellness Program,Introducing our new employee wellness initiative focusing on work-life balance and stress management. The program includes flexible working hours and mental health support resources.
154,78,234,19890421,Re: Employee Wellness Program,The wellness program proposal looks comprehensive and well-thought-out. The emphasis on mental health support will be particularly valuable for our development teams working on critical projects.
155,145,78,19890421,Client Presentation Materials,Attached are the updated presentation materials for next weeks client meetings. The security features section has been expanded to highlight our recent innovations.
156,67,,19890421,Re: Client Presentation Materials,The presentation looks polished and effectively communicates our value proposition. Ive added some recent success metrics that might be helpful during the Q&A session.
157,190,,19890421,Data Center Expansion,Proposal for expanding our data center capacity to meet growing client demands. The plan includes detailed cost analysis and implementation timeline.
158,234,190,19890421,Re: Data Center Expansion,Your expansion proposal makes a compelling case for immediate action. The projected growth numbers align with our client acquisition forecasts.
159,,234,19890421,Team Building Event,Planning our quarterly team building event for next month. Looking for suggestions on activities that would promote cross-departmental collaboration.
160,23,,19890421,Security Protocol Updates,Implementing new security protocols for all client-facing systems. The changes will enhance our protection against emerging cyber threats.
161,156,23,19890421,Re: Security Protocol Updates,The new security measures look robust and well-designed. Our testing team has already begun validation of the implementation procedures.
162,89,156,19890421,Project Timeline Revision,Proposing adjustments to the current project timeline to accommodate additional security testing. The changes will not impact our final delivery date.
163,234,89,19890421,Re: Project Timeline Revision,The revised timeline provides a more realistic schedule for thorough testing. I appreciate the detailed breakdown of testing phases.
164,,234,19890421,QuantumTech Newsletter Content,"Draft content for this months internal newsletter, highlighting our recent achievements and upcoming initiatives. Please review and provide feedback."
165,145,78,19890421,Software License Renewal,Overview of upcoming software license renewals and recommendations for consolidation. The proposed changes could result in significant cost savings.
166,67,,19890421,Re: Software License Renewal,Your license consolidation plan makes excellent financial sense. The bulk licensing approach should give us better negotiating leverage with vendors.
167,190,,19890421,Training Schedule Update,Revised training schedule for the new security certification program. Sessions will be offered in multiple time slots to accommodate all team members.
168,234,,19890421,Client Success Story,Documenting recent successful implementation for our major client in the financial sector. Their security metrics have improved significantly since deployment.
169,145,234,19890421,Re: Client Success Story,Excellent case study material for our marketing team. The measurable improvements in security metrics will be very compelling for prospective clients.
170,23,145,19890421,Budget Planning Meeting,Scheduling a meeting to discuss budget allocation for upcoming projects. Please come prepared with department-specific requirements and projections.
171,156,23,19890421,System Maintenance Schedule,Proposed schedule for routine system maintenance and updates. The work will be performed during off-peak hours to minimize disruption.
172,89,156,19890421,Re: System Maintenance Schedule,The maintenance schedule looks well-planned and minimally disruptive. Please ensure all clients are notified well in advance.
173,234,,19890421,Innovation Workshop,Planning an innovation workshop to explore emerging technologies and their potential applications. Looking for participants from all departments.
174,78,234,19890421,Re: Innovation Workshop,The workshop agenda looks comprehensive and engaging. Ill ensure my team members are available to contribute their expertise.
175,145,78,19890421,Client Feedback Analysis,Summary of recent client feedback and suggested action items. Overall satisfaction remains high with some opportunities for enhancement.
176,67,145,19890421,Development Resource Request,Requesting additional development resources for the upcoming security platform upgrade. The project scope requires specialized expertise.
177,190,67,19890421,Re: Development Resource Request,Your resource request is approved based on the project requirements. Ill work with HR to expedite the allocation process.
178,234,,19890421,Quality Assurance Report,Monthly quality assurance report showing improved metrics across all systems. The automated testing implementation has significantly reduced error rates.
179,145,234,19890421,Re: Quality Assurance Report,The QA improvements are impressive and reflect well on our recent process changes. Lets review the successful strategies for broader implementation.
180,23,145,19890421,Team Performance Review,Schedule for upcoming performance reviews and suggested discussion points. Please ensure all team members are prepared with their self-assessments.
181,156,23,19890421,Re: Team Performance Review,The review framework looks thorough and well-structured. I appreciate the focus on both technical and soft skills development.
182,89,156,19890421,Product Roadmap Discussion,Scheduling a session to review and update our product roadmap for the next quarter. Please come prepared with market analysis and client feedback.
183,234,89,19890421,Re: Product Roadmap Discussion,Looking forward to contributing to the roadmap discussion. Ill bring our latest competitive analysis and feature requests.
184,78,,19890421,Vendor Evaluation Results,Results from our recent vendor evaluation process for hardware suppliers. Several promising options have been identified for further discussion.
185,145,78,19890421,Re: Vendor Evaluation Results,The vendor analysis is thorough and provides clear decision criteria. Lets schedule a meeting to discuss the top candidates in detail.
186,67,145,19890421,Emergency Response Plan,Updated emergency response procedures for system outages and security incidents. Please review and provide feedback on the escalation protocols.
187,,67,19890421,Re: Emergency Response Plan,The response procedures are well-defined and practical. I suggest we conduct a drill to test the new protocols.
188,234,,19890421,Client Implementation Strategy,Proposed strategy for implementing our security solution across multiple client locations. The phased approach minimizes disruption while ensuring thorough deployment.
189,145,234,19890421,Re: Client Implementation Strategy,The implementation strategy is solid and accounts for potential challenges. The risk mitigation measures are particularly well-thought-out.
190,23,145,19890421,Research Project Results,Findings from our research into quantum encryption applications. The results suggest several promising directions for product development.
191,156,,19890421,Re: Research Project Results,The research findings are fascinating and have significant implications for our security offerings. Lets schedule a deep-dive session with the development team.
192,89,,19890421,Compliance Audit Preparation,Guidelines for preparing documentation for the upcoming compliance audit. Please ensure all required records are up-to-date and properly formatted.
193,,89,19890421,Re: Compliance Audit Preparation,The preparation guidelines are comprehensive and clear. Ill ensure my team prioritizes the documentation updates.
194,78,234,19890421,Infrastructure Upgrade Plan,Detailed plan for upgrading our core infrastructure components. The improvements will enhance system reliability and performance.
195,145,78,19890421,Re: Infrastructure Upgrade Plan,The upgrade plan is well-structured and addresses our current pain points. The proposed timeline seems realistic and achievable.
196,67,145,19890421,Knowledge Base Update,Recent updates to our technical knowledge base including new troubleshooting guides and best practices. Please review and share with your teams.
197,,67,19890421,Re: Knowledge Base Update,The knowledge base improvements will be very helpful for our support teams. The new search functionality is particularly useful.
198,,190,19890421,Security Awareness Training,New materials for our security awareness training program. The content has been updated to address recent industry developments.
199,,234,19890421,Re: Security Awareness Training,The training materials look engaging and informative. The interactive elements will help improve retention and participation.
200,,145,19890421,Project Success Metrics,Analysis of key performance indicators across all active projects. Most initiatives are meeting or exceeding their targets for this quarter.
